headline_n,likely_true,favors_r,benefits_r,important,funny,surprising,reputation_overall,reputation_engage,reputation_partyloyalty,likely_share,imag,old_new,veracity,img_path,img_set,img_idx,img_category
1,4.205882352941177,7.205882352941177,7.274509803921568,7.362745098039215,1.8823529411764703,4.65686274509804,3.784313725490196,4.813725490196078,4.696078431372549,2.950980392156863,f_21 thousand dead people registered on pennsylvania voter rolls.jpg,new since november,fake,stimuli/f_21 thousand dead people registered on pennsylvania voter rolls.jpg,,1,
4,2.9669421487603307,7.413223140495868,7.231404958677686,5.75206611570248,1.487603305785124,5.520661157024794,2.9669421487603307,4.43801652892562,3.5702479338842976,2.1818181818181817,f_aoc 9-11 not a big deal.jpg,new since november,fake,stimuli/f_aoc 9-11 not a big deal.jpg,,2,
5,1.650943396226415,3.716981132075472,3.69811320754717,6.216981132075472,2.547169811320755,6.283018867924528,2.556603773584906,3.481132075471698,2.981132075471698,1.8113207547169807,f_are you on trumps kill list stickers on mailbox.jpg,new since november,fake,stimuli/f_are you on trumps kill list stickers on mailbox.jpg,,3,
6,3.5045045045045047,5.423423423423423,5.414414414414415,2.045045045045045,5.576576576576577,4.468468468468468,3.5855855855855854,4.063063063063063,3.1531531531531534,2.756756756756757,f_biden lookalike tried to get free meals.jpg,new since november,fake,stimuli/f_biden lookalike tried to get free meals.jpg,,4,
8,2.271929824561404,5.052631578947368,4.87719298245614,2.298245614035088,4.324561403508772,5.833333333333333,2.754385964912281,3.219298245614035,2.719298245614035,1.9210526315789476,f_court orders tiger woods to take 137 paternity tests.jpg,new since november,fake,stimuli/f_court orders tiger woods to take 137 paternity tests.jpg,,5,
10,3.04040404040404,4.484848484848484,4.787878787878788,4.252525252525253,3.212121212121212,5.252525252525253,3.101010101010101,4.02020202020202,3.414141414141414,2.0707070707070705,f_cuomo coming out as bisexual for cabinet position.jpg,new since november,fake,stimuli/f_cuomo coming out as bisexual for cabinet position.jpg,,6,
11,2.611111111111111,4.916666666666667,4.861111111111111,2.453703703703704,2.75,6.444444444444445,2.4074074074074074,3.4166666666666665,2.5462962962962963,2.203703703703704,f_death row inmate demands to be served a live cat as last meal.jpg,new since november,fake,stimuli/f_death row inmate demands to be served a live cat as last meal.jpg,,7,
12,2.610526315789474,4.947368421052632,4.88421052631579,1.6631578947368422,5.431578947368421,5.315789473684211,2.9157894736842107,3.9368421052631577,2.442105263157895,2.2,f_delaware judge rules that baby yoda affair doesnt count.jpg,new since november,fake,stimuli/f_delaware judge rules that baby yoda affair doesnt count.jpg,,8,
13,5.241379310344827,4.198275862068965,4.224137931034483,4.862068965517241,1.362068965517241,3.5517241379310347,3.396551724137931,4.103448275862069,3.5086206896551726,2.5517241379310347,f_derek chauvin suicide in prison.png,new since november,fake,stimuli/f_derek chauvin suicide in prison.png,,9,
15,3.4408602150537635,7.408602150537634,7.236559139784946,7.333333333333333,1.5376344086021505,4.666666666666667,3.838709677419355,4.838709677419355,4.311827956989247,2.6559139784946235,f_dominion software deleted over 2 million votes.jpg,new since november,fake,stimuli/f_dominion software deleted over 2 million votes.jpg,,10,
17,3.1401869158878504,2.093457943925233,2.2523364485981308,6.91588785046729,1.7476635514018692,4.327102803738318,3.94392523364486,4.850467289719626,3.94392523364486,2.4018691588785046,f_fbi investigating whether trump spent 3 million buying votes.jpg,new since november,fake,stimuli/f_fbi investigating whether trump spent 3 million buying votes.jpg,,11,
18,3.227272727272727,6.209090909090909,5.945454545454545,6.754545454545455,1.4272727272727272,4.854545454545455,3.372727272727273,4.063636363636364,3.945454545454545,2.536363636363636,f_flynn exposes raid of cia vote hacking facility in germany.jpg,new since november,fake,stimuli/f_flynn exposes raid of cia vote hacking facility in germany.jpg,,12,
21,3.2967032967032965,7.043956043956044,6.769230769230769,6.472527472527473,2.021978021978022,4.791208791208791,3.879120879120879,4.461538461538462,4.054945054945055,2.6373626373626373,f_how a philly mob boss stole the election.jpg,new since november,fake,stimuli/f_how a philly mob boss stole the election.jpg,,13,
22,2.6166666666666667,4.958333333333333,5.008333333333334,1.8083333333333331,5.725,6.375,3.316666666666667,4.066666666666666,2.4,2.5416666666666665,f_legal battle expected over will left to sitcom character alf.jpg,new since november,fake,stimuli/f_legal battle expected over will left to sitcom character alf.jpg,,14,
24,3.782178217821782,5.069306930693069,5.188118811881188,3.702970297029703,3.4257425742574257,4.98019801980198,3.0594059405940595,3.831683168316832,2.98019801980198,2.445544554455445,f_male stripper shot 5 times after showing up in cop costume.jpg,new since november,fake,stimuli/f_male stripper shot 5 times after showing up in cop costume.jpg,,15,
25,2.98,4.36,4.52,6.79,2.04,5.51,3.43,4.59,4.03,2.11,f_mcconnell to cosponsor bill aimed at restricting voting rights to landowners.jpg,new since november,fake,stimuli/f_mcconnell to cosponsor bill aimed at restricting voting rights to landowners.jpg,,16,
26,3.139784946236559,3.6236559139784954,3.806451612903226,4.741935483870968,2.946236559139785,4.946236559139785,3.6344086021505375,4.301075268817204,3.6774193548387095,2.096774193548387,f_michelle obama thinks she deserves supreme court.jpg,new since november,fake,stimuli/f_michelle obama thinks she deserves supreme court.jpg,,17,
27,2.353982300884956,5.20353982300885,5.123893805309734,1.407079646017699,4.95575221238938,5.734513274336283,2.5929203539823007,3.309734513274336,2.8761061946902653,1.663716814159292,f_miller voted trump admins sexiest man.jpg,new since november,fake,stimuli/f_miller voted trump admins sexiest man.jpg,,18,
28,4.405172413793103,6.405172413793103,6.241379310344827,7.017241379310345,1.6293103448275863,4.163793103448276,3.698275862068965,4.689655172413793,4.336206896551724,2.8879310344827585,f_more proof postal workers busted dumping mail.jpg,new since november,fake,stimuli/f_more proof postal workers busted dumping mail.jpg,,19,
30,3.0163934426229506,7.598360655737705,7.344262295081967,7.60655737704918,1.721311475409836,4.885245901639344,3.1557377049180326,4.39344262295082,4.10655737704918,2.3278688524590163,f_new evidence dominion voting software was used by china to rig election.jpg,new since november,fake,stimuli/f_new evidence dominion voting software was used by china to rig election.jpg,,20,
31,3.827272727272727,5.209090909090909,5.2,6.290909090909091,1.4727272727272729,4.118181818181818,3.0727272727272728,4.0,3.190909090909091,2.3363636363636364,f_new mutated coronavirus in australia.jpg,new since november,fake,stimuli/f_new mutated coronavirus in australia.jpg,,21,
32,3.060344827586207,4.620689655172414,4.663793103448276,3.4827586206896552,2.784482758620689,6.525862068965517,2.2155172413793105,3.6206896551724137,2.577586206896552,1.7155172413793105,f_nj brother and sister allowed to marry.jpg,new since november,fake,stimuli/f_nj brother and sister allowed to marry.jpg,,22,
34,3.968421052631579,2.968421052631579,3.3157894736842106,3.168421052631579,3.284210526315789,3.273684210526316,3.9894736842105263,4.705263157894737,4.442105263157894,2.389473684210526,f_obama i already made america great.jpg,new since november,fake,stimuli/f_obama i already made america great.jpg,,23,
35,2.607476635514019,7.168224299065421,7.140186915887851,5.691588785046729,1.2242990654205608,6.121495327102804,2.9906542056074765,4.392523364485982,3.691588785046729,2.02803738317757,f_omar spits on the tomb of the unknown soldier.jpg,new since november,fake,stimuli/f_omar spits on the tomb of the unknown soldier.jpg,,24,
37,3.688679245283019,4.19811320754717,4.59433962264151,6.19811320754717,2.349056603773585,3.924528301886793,3.9150943396226414,4.716981132075472,4.339622641509434,2.3773584905660377,f_pelosi files to have trump tried before un court.jpg,new since november,fake,stimuli/f_pelosi files to have trump tried before un court.jpg,,25,
38,3.510204081632653,4.408163265306122,4.469387755102041,4.316326530612245,1.8775510204081636,4.112244897959184,3.2448979591836733,3.989795918367347,3.7857142857142856,1.7346938775510203,f_pence regrets that trump didnt do more to reverse gay agenda.jpg,new since november,fake,stimuli/f_pence regrets that trump didnt do more to reverse gay agenda.jpg,,26,
39,1.8189655172413792,5.482758620689655,5.353448275862069,5.637931034482759,2.0948275862068964,6.689655172413793,2.086206896551724,3.931034482758621,2.5689655172413794,1.793103448275862,f_planned parenthood announced abort-a-palooza.jpg,new since november,fake,stimuli/f_planned parenthood announced abort-a-palooza.jpg,,27,
40,3.613636363636364,7.897727272727272,7.818181818181818,7.261363636363637,1.7159090909090908,3.875,3.727272727272727,4.784090909090909,4.363636363636363,2.602272727272727,f_police told to investigate thousands of fake biden votes.jpg,new since november,fake,stimuli/f_police told to investigate thousands of fake biden votes.jpg,,28,
41,2.289719626168224,4.962616822429907,4.962616822429907,2.794392523364486,4.616822429906542,6.177570093457944,2.607476635514019,4.280373831775701,2.981308411214953,1.9532710280373835,f_portland to allow furries to defecate mate in dog parks.jpg,new since november,fake,stimuli/f_portland to allow furries to defecate mate in dog parks.jpg,,29,
42,3.117021276595745,4.382978723404255,4.191489361702128,5.223404255319149,3.436170212765957,4.957446808510638,3.3085106382978724,3.8297872340425534,3.3191489361702127,2.5106382978723403,f_president says ca fires made worse by windmills.jpg,new since november,fake,stimuli/f_president says ca fires made worse by windmills.jpg,,30,
43,2.905263157894737,7.484210526315789,7.663157894736842,6.71578947368421,2.789473684210526,5.221052631578948,3.463157894736842,4.526315789473684,3.842105263157895,2.694736842105263,f_prominent dem arrested charged with 6 felonies.jpg,new since november,fake,stimuli/f_prominent dem arrested charged with 6 felonies.jpg,,31,
45,3.468468468468469,3.720720720720721,3.612612612612613,5.837837837837838,2.072072072072072,4.4774774774774775,3.81981981981982,4.495495495495495,4.378378378378378,2.4054054054054053,f_rnc quietly removes supporting american democracy from platform.jpg,new since november,fake,stimuli/f_rnc quietly removes supporting american democracy from platform.jpg,,32,
47,2.7096774193548385,4.731182795698925,4.78494623655914,3.4838709677419355,4.032258064516129,5.172043010752688,2.5591397849462365,3.5161290322580645,2.5268817204301075,2.3010752688172045,f_russian hackers insert porn pages into married mans browser history.jpg,new since november,fake,stimuli/f_russian hackers insert porn pages into married mans browser history.jpg,,33,
48,3.25,5.166666666666667,5.239583333333333,3.1979166666666665,3.489583333333333,4.729166666666667,2.802083333333333,3.53125,3.083333333333333,2.4375,f_saudi arabia forces whatsapp to veil emojis.jpg,new since november,fake,stimuli/f_saudi arabia forces whatsapp to veil emojis.jpg,,34,
49,1.6534653465346534,6.415841584158416,6.3861386138613865,3.5247524752475248,3.128712871287129,6.683168316831683,2.9603960396039604,4.514851485148514,3.435643564356436,1.881188118811881,f_shocking revelation and divorce after obama admits gay.jpg,new since november,fake,stimuli/f_shocking revelation and divorce after obama admits gay.jpg,,35,
50,3.344,6.144,6.24,6.536,1.96,4.664,3.696,4.424,4.168,2.696,f_soros arrested in philadelphia election interference.jpg,new since november,fake,stimuli/f_soros arrested in philadelphia election interference.jpg,,36,
51,1.7727272727272727,7.9,7.5,7.945454545454545,2.4545454545454546,6.9818181818181815,3.636363636363636,4.963636363636364,4.409090909090909,2.4,f_supreme court can extend trumps term by up to 3 years.jpg,new since november,fake,stimuli/f_supreme court can extend trumps term by up to 3 years.jpg,,37,
53,2.6043956043956045,8.56043956043956,8.208791208791208,7.6923076923076925,1.89010989010989,5.153846153846154,3.7472527472527473,4.835164835164835,4.406593406593407,2.1868131868131866,f_the definitve case proving trump won the election.jpg,new since november,fake,stimuli/f_the definitve case proving trump won the election.jpg,,38,
54,2.2065217391304346,5.0978260869565215,5.054347826086956,2.630434782608696,4.576086956521739,6.3478260869565215,2.4239130434782608,3.978260869565217,2.619565217391304,2.3043478260869565,f_trans species man who identifies as deer accidentally shot by hunters.jpg,new since november,fake,stimuli/f_trans species man who identifies as deer accidentally shot by hunters.jpg,,39,
55,2.831460674157303,4.53932584269663,4.48314606741573,2.7191011235955056,4.685393258426966,5.157303370786517,3.1235955056179776,4.404494382022472,3.865168539325843,2.292134831460674,f_trump administration to launch black beans matter campaign.jpg,new since november,fake,stimuli/f_trump administration to launch black beans matter campaign.jpg,,40,
56,3.2526315789473683,4.08421052631579,4.231578947368421,5.031578947368421,3.494736842105264,4.978947368421053,3.6,4.71578947368421,3.905263157894737,2.357894736842105,f_trump advisor denies moon landing.png,new since november,fake,stimuli/f_trump advisor denies moon landing.png,,41,
57,3.2295081967213117,4.786885245901639,4.745901639344262,6.516393442622951,2.614754098360656,4.213114754098361,3.450819672131148,4.336065573770492,4.131147540983607,2.1065573770491803,f_trump asks scotus to force states to count votes.jpg,new since november,fake,stimuli/f_trump asks scotus to force states to count votes.jpg,,42,
59,2.9903846153846154,3.807692307692308,4.125,3.201923076923077,4.644230769230769,4.298076923076923,3.1923076923076925,3.798076923076923,3.4711538461538463,2.201923076923077,f_trump claims kanye stole his black votes.jpg,new since november,fake,stimuli/f_trump claims kanye stole his black votes.jpg,,43,
60,2.7142857142857144,4.123809523809523,4.085714285714285,4.742857142857143,4.428571428571429,4.6761904761904765,3.6095238095238096,4.79047619047619,4.295238095238095,2.4380952380952383,f_trump claims pfizer and moderna had never even heard of vaccines.jpg,new since november,fake,stimuli/f_trump claims pfizer and moderna had never even heard of vaccines.jpg,,44,
61,3.857142857142857,6.017857142857143,5.982142857142857,6.133928571428571,1.5892857142857142,3.7767857142857135,3.9375,4.339285714285714,4.25,2.4107142857142856,f_trump deploys us mlitary to fight domestic cyber warfare coup.jpg,new since november,fake,stimuli/f_trump deploys us mlitary to fight domestic cyber warfare coup.jpg,,45,
64,2.0869565217391304,3.7217391304347824,3.660869565217392,6.991304347826087,2.0695652173913044,6.295652173913044,2.8260869565217392,4.51304347826087,3.3391304347826085,2.373913043478261,f_trump proposes one child law for hispanics.jpg,new since november,fake,stimuli/f_trump proposes one child law for hispanics.jpg,,46,
65,2.394230769230769,5.673076923076923,5.480769230769231,6.682692307692308,4.115384615384615,3.8846153846153846,4.125,5.298076923076923,4.663461538461538,2.8653846153846154,f_trump signs executive order declaring himself actual winner of 2020 election.jpg,new since november,fake,stimuli/f_trump signs executive order declaring himself actual winner of 2020 election.jpg,,47,
66,4.217821782178218,4.554455445544554,4.643564356435643,2.722772277227723,4.346534653465347,2.782178217821782,4.1683168316831685,5.03960396039604,4.475247524752476,2.415841584158416,f_trump tells supreme court he really wanted to be president.jpg,new since november,fake,stimuli/f_trump tells supreme court he really wanted to be president.jpg,,48,
67,3.168067226890756,3.042016806722689,3.168067226890756,2.680672268907563,4.403361344537816,4.445378151260504,3.1260504201680672,4.428571428571429,3.630252100840336,2.2521008403361344,f_trump voter wants taco bell shut down for being too mexican.jpg,new since november,fake,stimuli/f_trump voter wants taco bell shut down for being too mexican.jpg,,49,
68,4.0,2.601851851851852,2.6296296296296298,4.981481481481482,1.879629629629629,3.768518518518519,3.9814814814814814,4.62037037037037,3.907407407407408,2.388888888888889,f_white house staffers defect releasing rivate trump tape recording.jpeg,new since november,fake,stimuli/f_white house staffers defect releasing rivate trump tape recording.jpeg,,50,
69,2.5161290322580645,3.978494623655914,4.172043010752688,6.978494623655914,1.4301075268817205,6.451612903225806,2.4838709677419355,3.956989247311828,3.3440860215053765,1.8064516129032255,f_white nationalists granted permit for mock hanging outside afro american museum.jpg,new since november,fake,stimuli/f_white nationalists granted permit for mock hanging outside afro american museum.jpg,,51,
70,2.69811320754717,4.90566037735849,4.811320754716981,1.7452830188679245,5.433962264150943,6.169811320754717,2.4056603773584904,3.849056603773585,2.292452830188679,1.9056603773584904,f_woman sues samsung for millions after cell phone gets stuck.jpg,new since november,fake,stimuli/f_woman sues samsung for millions after cell phone gets stuck.jpg,,52,
72,4.963302752293578,4.055045871559633,4.073394495412844,5.844036697247707,1.3944954128440368,4.330275229357798,3.7155963302752295,4.36697247706422,3.908256880733945,2.55045871559633,r_accused hate groups receive pandemic aid.jpg,new since november,real,stimuli/r_accused hate groups receive pandemic aid.jpg,,53,
73,5.49,4.59,4.53,6.16,1.3,4.96,3.88,4.33,3.79,2.9,r_agents raise home of fired florida data scientist who built covid19 dashboard.jpg,new since november,real,stimuli/r_agents raise home of fired florida data scientist who built covid19 dashboard.jpg,,54,
74,8.122641509433961,3.169811320754717,3.320754716981132,7.518867924528302,1.30188679245283,1.6415094339622642,5.19811320754717,5.216981132075472,4.528301886792453,3.462264150943396,r_all 50 states and dc certified election results.jpg,new since november,real,stimuli/r_all 50 states and dc certified election results.jpg,,55,
75,5.529411764705882,3.92436974789916,3.941176470588236,5.899159663865547,1.487394957983193,3.7478991596638656,4.184873949579832,4.756302521008403,4.453781512605042,2.7142857142857144,r_arizona man sentenced for role in neo-nazi plot.jpg,new since november,real,stimuli/r_arizona man sentenced for role in neo-nazi plot.jpg,,56,
76,3.2616822429906542,4.97196261682243,4.850467289719626,5.88785046728972,2.2523364485981308,5.280373831775701,3.8130841121495327,4.233644859813084,4.08411214953271,2.467289719626168,r_armed mexicans were smuggled in to guard wall.jpg,new since november,real,stimuli/r_armed mexicans were smuggled in to guard wall.jpg,,57,
77,4.27,4.43,4.54,6.61,1.34,4.99,4.12,4.1,3.98,2.69,r_as supreme court reconsiders jim crow era split juries past cases could earn new trials.jpg,new since november,real,stimuli/r_as supreme court reconsiders jim crow era split juries past cases could earn new trials.jpg,,58,
78,5.885416666666667,3.9479166666666665,4.041666666666667,6.260416666666667,1.6458333333333333,4.052083333333333,3.6458333333333335,4.104166666666667,3.9791666666666665,2.645833333333333,r_benson armed protestors flock to michigan officials home.jpg,new since november,real,stimuli/r_benson armed protestors flock to michigan officials home.jpg,,59,
79,4.9763779527559056,5.582677165354331,5.3700787401574805,6.039370078740157,1.7401574803149606,4.322834645669292,4.196850393700787,4.070866141732283,4.2204724409448815,2.2913385826771653,r_biden may keep some trump policies on trade.jpg,new since november,real,stimuli/r_biden may keep some trump policies on trade.jpg,,60,
80,5.114285714285714,6.276190476190476,6.333333333333333,5.371428571428571,1.361904761904762,3.695238095238096,3.980952380952381,4.019047619047619,4.076190476190476,2.3142857142857145,r_bidens pick of retired general for pentagon criticized.jpg,new since november,real,stimuli/r_bidens pick of retired general for pentagon criticized.jpg,,61,
81,5.276190476190476,5.247619047619048,5.2,4.904761904761905,1.7714285714285714,3.3142857142857145,3.447619047619048,3.923809523809524,3.952380952380953,2.1333333333333333,r_blm power grab sets off internal revolt.jpg,new since november,real,stimuli/r_blm power grab sets off internal revolt.jpg,,62,
82,4.99,3.77,3.67,4.88,1.53,3.52,3.82,3.97,4.07,2.3,r_border patrol settles lawsuit with detained us citizens.jpg,new since november,real,stimuli/r_border patrol settles lawsuit with detained us citizens.jpg,,63,
85,4.916666666666667,4.208333333333333,4.260416666666667,5.583333333333333,1.3333333333333333,4.59375,2.8854166666666665,3.8229166666666665,3.4375,2.21875,r_church identified as hate group gets permit in minnesota.jpg,new since november,real,stimuli/r_church identified as hate group gets permit in minnesota.jpg,,64,
91,6.352459016393443,4.581967213114754,4.614754098360656,5.704918032786885,1.4672131147540983,2.672131147540984,4.487603305785124,4.024590163934426,4.524590163934426,2.4918032786885247,r_ex us homeland security official to give testimony.jpg,new since november,real,stimuli/r_ex us homeland security official to give testimony.jpg,,65,
93,5.981651376146789,5.018348623853211,5.045871559633028,6.073394495412844,1.275229357798165,2.9724770642201834,4.064220183486238,4.119266055045872,4.18348623853211,2.4954128440366974,r_falling sales job losses and bankruptcies.jpg,new since november,real,stimuli/r_falling sales job losses and bankruptcies.jpg,,66,
94,6.064814814814815,4.62962962962963,4.527777777777778,6.361111111111111,1.4259259259259258,3.25,4.064814814814815,4.583333333333333,4.00925925925926,2.6944444444444446,r_families sue california for failing to educate low-income students of color amid pandemic.jpg,new since november,real,stimuli/r_families sue california for failing to educate low-income students of color amid pandemic.jpg,,67,
95,6.119565217391305,3.684782608695652,3.771739130434783,3.5217391304347827,1.9673913043478264,2.9565217391304346,4.663043478260869,4.695652173913044,4.130434782608695,2.3369565217391304,r_fans celebrate jeopardy contestant for shining light on bisexuality.jpg,new since november,real,stimuli/r_fans celebrate jeopardy contestant for shining light on bisexuality.jpg,,68,
96,5.348314606741573,5.168539325842697,5.157303370786517,6.337078651685394,1.1797752808988764,3.966292134831461,3.943820224719101,4.067415730337078,4.449438202247191,2.50561797752809,r_federal court upholds block on in-person medication abortion requirements.jpg,new since november,real,stimuli/r_federal court upholds block on in-person medication abortion requirements.jpg,,69,
97,5.288888888888889,4.388888888888889,4.433333333333334,5.411111111111111,1.5333333333333334,3.7,4.155555555555556,4.377777777777778,4.255555555555556,2.533333333333333,r_fired coronavirus scientist discusses judge who approved raid.jpg,new since november,real,stimuli/r_fired coronavirus scientist discusses judge who approved raid.jpg,,70,
98,4.526881720430108,2.6881720430107525,2.870967741935484,5.397849462365591,1.7419354838709675,4.376344086021505,3.5698924731182795,3.946236559139785,3.838709677419355,2.462365591397849,r_fired cybersecurity chief sues trump lawyer.jpg,new since november,real,stimuli/r_fired cybersecurity chief sues trump lawyer.jpg,,71,
100,5.333333333333333,5.365591397849462,5.333333333333333,3.591397849462365,1.6666666666666667,3.2795698924731185,3.5591397849462365,3.4301075268817205,3.612903225806452,2.032258064516129,r_gop megadonor adelson readies lobbying blitz.jpg,new since november,real,stimuli/r_gop megadonor adelson readies lobbying blitz.jpg,,72,
102,4.864406779661017,4.652542372881356,4.61864406779661,4.398305084745763,1.7118644067796611,4.97457627118644,3.3559322033898304,3.694915254237288,3.3389830508474576,2.110169491525424,r_hartford detective demoted suspended.jpg,new since november,real,stimuli/r_hartford detective demoted suspended.jpg,,73,
103,6.27,3.93,4.03,5.67,1.82,3.34,4.94,5.28,4.46,3.31,r_house votes to exapnd marijuana research.jpg,new since november,real,stimuli/r_house votes to exapnd marijuana research.jpg,,74,
105,5.951219512195122,7.666666666666667,7.560975609756097,5.796747967479675,1.8455284552845528,3.268292682926829,3.902439024390244,4.365853658536586,4.365853658536586,2.609756097560976,r_hunter biden under federal investigation.jpg,new since november,real,stimuli/r_hunter biden under federal investigation.jpg,,75,
106,4.911504424778761,6.584070796460177,6.557522123893805,6.433628318584071,1.3893805309734513,4.008849557522124,3.849557522123894,4.672566371681416,4.469026548672566,2.3628318584070795,r_illegal immigrants re-arrested.jpg,new since november,real,stimuli/r_illegal immigrants re-arrested.jpg,,76,
107,5.5,4.74468085106383,4.797872340425532,4.191489361702128,1.4787234042553192,4.297872340425532,3.9361702127659575,4.1063829787234045,3.9361702127659575,2.202127659574468,r_johns hopkins owned slaves records show.jpg,new since november,real,stimuli/r_johns hopkins owned slaves records show.jpg,,77,
108,5.849462365591398,4.387096774193548,4.225806451612903,6.010752688172043,1.3333333333333333,4.032258064516129,4.43010752688172,4.440860215053763,4.268817204301075,2.935483870967742,r_justice dept sues alabama over prison conditions.jpg,new since november,real,stimuli/r_justice dept sues alabama over prison conditions.jpg,,78,
110,5.017857142857143,4.508928571428571,4.571428571428571,2.625,5.178571428571429,4.116071428571429,3.383928571428572,4.196428571428571,3.3660714285714284,2.580357142857143,r_man lights joint in court to protest.png,new since november,real,stimuli/r_man lights joint in court to protest.png,,79,
111,5.141732283464567,4.811023622047244,4.779527559055119,5.68503937007874,1.5196850393700787,4.102362204724409,3.9763779527559056,3.68503937007874,3.7244094488188977,2.188976377952756,r_mckinsey apologizes for helping purdue.jpg,new since november,real,stimuli/r_mckinsey apologizes for helping purdue.jpg,,80,
112,5.02,3.5,3.36,3.61,1.94,2.63,3.66,3.95,3.91,1.93,r_media praise xavier becerra partisan warrior.jpg,new since november,real,stimuli/r_media praise xavier becerra partisan warrior.jpg,,81,
113,5.36734693877551,3.479591836734694,3.673469387755102,2.5,2.663265306122449,2.5510204081632653,4.214285714285714,4.387755102040816,4.275510204081633,1.9081632653061225,r_melania trump just wants to go home.jpg,new since november,real,stimuli/r_melania trump just wants to go home.jpg,,82,
114,4.563106796116505,5.70873786407767,5.864077669902913,5.058252427184466,1.3786407766990292,4.436893203883495,3.5145631067961167,4.009708737864078,4.203883495145631,2.184466019417476,r_michigan gop sidelines democrat for her unacceptable response.jpg,new since november,real,stimuli/r_michigan gop sidelines democrat for her unacceptable response.jpg,,83,
115,5.789473684210527,4.105263157894737,4.140350877192983,6.271929824561403,1.2280701754385963,3.289473684210526,3.675438596491228,3.675438596491228,3.8684210526315783,2.3421052631578947,r_militia group leader guilty of pipe bimb attack.jpg,new since november,real,stimuli/r_militia group leader guilty of pipe bimb attack.jpg,,84,
118,6.048543689320389,6.320388349514563,6.0,4.572815533980583,1.6504854368932038,2.9611650485436893,3.9902912621359214,4.398058252427185,4.747572815533981,2.3689320388349517,r_newsmax plans expansion to capitalize on anger at fox news.jpg,new since november,real,stimuli/r_newsmax plans expansion to capitalize on anger at fox news.jpg,,85,
119,5.662337662337662,3.857142857142857,3.987012987012987,5.090909090909091,1.5194805194805194,3.272727272727273,4.376623376623376,4.246753246753247,4.012987012987013,2.441558441558441,r_oregon eviction protest fueld by history of gentrification.jpg,new since november,real,stimuli/r_oregon eviction protest fueld by history of gentrification.jpg,,86,
120,6.288461538461538,5.076923076923077,5.288461538461538,5.846153846153846,1.7019230769230769,3.25,4.509615384615385,5.134615384615385,5.528846153846154,2.701923076923077,r_poll just a quarter of republicans accept election.jpg,new since november,real,stimuli/r_poll just a quarter of republicans accept election.jpg,,87,
123,4.516129032258065,5.129032258064516,5.064516129032258,3.3951612903225805,4.32258064516129,4.564516129032258,3.419354838709677,4.137096774193548,2.685483870967742,2.556451612903226,r_rats besiege new york chipotle.jpg,new since november,real,stimuli/r_rats besiege new york chipotle.jpg,,88,
124,6.457943925233645,3.308411214953271,3.7383177570093458,4.803738317757009,1.691588785046729,2.074766355140187,4.205607476635514,4.261682242990654,4.4953271028037385,2.5233644859813085,r_rep omar squad members have a to do list for biden.jpg,new since november,real,stimuli/r_rep omar squad members have a to do list for biden.jpg,,89,
127,6.362068965517241,5.853448275862069,5.982758620689655,5.163793103448276,1.922413793103448,3.2758620689655173,4.568965517241379,4.853448275862069,5.0,3.3017241379310347,r_school principal sues over dismissal.jpg,new since november,real,stimuli/r_school principal sues over dismissal.jpg,,90,
128,6.047619047619048,4.095238095238095,4.134920634920635,4.634920634920635,1.4126984126984128,3.373015873015873,4.190476190476191,4.317460317460317,3.563492063492064,2.563492063492064,r_soccer players walk out of match in paris after racist remark.jpg,new since november,real,stimuli/r_soccer players walk out of match in paris after racist remark.jpg,,91,
130,4.579439252336448,4.280373831775701,4.149532710280374,5.570093457943925,1.411214953271028,4.429906542056075,3.906542056074767,4.289719626168225,4.065420560747664,2.7757009345794392,r_spree of federal executions unprecedented during lame duck period.jpg,new since november,real,stimuli/r_spree of federal executions unprecedented during lame duck period.jpg,,92,
131,5.785714285714286,4.267857142857143,4.125,6.544642857142857,1.5089285714285714,3.678571428571429,3.955357142857143,4.517857142857143,3.875,3.5535714285714284,r_stealing to survive more americans are shoplifting as food aid runs out.jpg,new since november,real,stimuli/r_stealing to survive more americans are shoplifting as food aid runs out.jpg,,93,
132,5.2,5.514285714285714,5.533333333333333,5.742857142857143,1.619047619047619,3.580952380952381,3.7904761904761903,4.076190476190476,4.152380952380953,2.580952380952381,r_swalwell china record under scrutiny after spy story.jpg,new since november,real,stimuli/r_swalwell china record under scrutiny after spy story.jpg,,94,
133,6.905172413793103,4.810344827586207,4.931034482758621,5.793103448275862,1.6293103448275863,2.413793103448276,4.198275862068965,4.689655172413793,4.5,2.931034482758621,r_tensions rise over masks as virus grips smaller us cities.jpg,new since november,real,stimuli/r_tensions rise over masks as virus grips smaller us cities.jpg,,95,
134,6.41,3.06,3.05,6.51,1.4,2.79,4.37,5.19,5.1,2.9,r_trump supporters become more threatening.jpg,new since november,real,stimuli/r_trump supporters become more threatening.jpg,,96,
135,5.12037037037037,2.638888888888889,2.8981481481481484,5.407407407407407,1.9166666666666667,2.9074074074074074,4.194444444444445,4.4907407407407405,4.444444444444445,2.203703703703704,r_trump touts a false narrative.jpg,new since november,real,stimuli/r_trump touts a false narrative.jpg,,97,
136,5.465517241379311,4.965517241379311,4.965517241379311,6.75,1.2155172413793105,3.6206896551724137,4.129310344827586,4.241379310344827,4.129310344827586,2.75,r_under the rug sexual misconduct shakes fbi senior ranks.jpg,new since november,real,stimuli/r_under the rug sexual misconduct shakes fbi senior ranks.jpg,,98,
137,5.941666666666666,5.583333333333333,5.516666666666667,5.791666666666667,1.6666666666666667,2.625,4.425,4.583333333333333,4.383333333333334,2.8666666666666667,r_us and states say facebook crushed competition.jpg,new since november,real,stimuli/r_us and states say facebook crushed competition.jpg,,99,
138,4.947826086956522,5.391304347826087,5.373913043478261,6.2,1.626086956521739,3.8,4.330434782608696,4.495652173913044,4.460869565217391,2.9565217391304346,r_us and states sue fb for predatory conduct.jpg,new since november,real,stimuli/r_us and states sue fb for predatory conduct.jpg,,100,
139,7.011363636363637,4.420454545454546,4.386363636363637,7.0227272727272725,1.2272727272727273,2.215909090909091,4.181818181818182,4.318181818181818,3.852272727272727,2.8181818181818183,r_us weekly jobless claims surge.jpg,new since november,real,stimuli/r_us weekly jobless claims surge.jpg,,101,
140,6.815789473684211,3.473684210526316,3.973684210526316,6.9035087719298245,1.5526315789473684,3.12280701754386,5.254385964912281,5.43859649122807,5.640350877192983,3.93859649122807,r_youtube to remove videos claiming mass election fraud.jpg,new since november,real,stimuli/r_youtube to remove videos claiming mass election fraud.jpg,,102,
